region_num,rating_order,region_label,style,instruction,source,regional_specificity,style_fidelity,visual_descriptiveness,actionability
1,1,brown wooden cabinets,pointillism,"To stylize the brown wooden cabinets in pointillism, apply small dots of paint in various shades to represent the wood grain and color. Blend different shades of brown to create the illusion of texture and depth. Use a fine brush to apply the dots evenly and consistently. Gradually build up the layers of dots to achieve the desired level of detail and ton",baseline_C,,,,
1,2,brown wooden cabinets,pointillism,[Model declined to generate instruction],baseline_E,,,,
1,3,brown wooden cabinets,pointillism,"To apply a pointillist style to the brown wooden cabinets in the scene, follow these steps:

1. Select the region of the brown wooden cabinets in your image editing software.
2. Duplicate the selected region to create a new layer.
3. Apply a pointillist filter or brush to the new layer. This can be done by using a pointillist",baseline_A,,,,
1,4,brown wooden cabinets,pointillism,"To apply a pointillist style to the brown wooden cabinets in the scene, follow these steps:

1. Select the region of the brown wooden cabinets in your image editing software.
2. Duplicate the selected region to create a new layer.
3. Apply a pointillist filter or brush to the new layer. This can be done by using a pointillist",lora_A_tmplA,,,,
1,5,brown wooden cabinets,pointillism,"To apply Pointillism style specifically to the brown wooden cabinets while leaving the rest of the scene untouched, you can use a local image filter or a masking technique in image editing software. Here's a general instruction for using a mask in Adobe Photoshop:

1. Open the image of the scene in Adobe Photoshop.
2. Select the",baseline_H,,,,
2,1,dark wooden building,expressionism,"To apply expressionism specifically to the dark wooden building in the scene while leaving everything else untouched, you could use the following instruction:

""Apply an expressionist filter to the dark wooden building, enhancing its textures and colors to convey strong emotions and heightened sensations. Use bold, exaggerated brushstrokes and distortions to create a sense of movement and energy",baseline_H,,,,
2,2,dark wooden building,expressionism,[Model declined to generate instruction],baseline_E,,,,
2,3,dark wooden building,expressionism,"To apply an expressionist style to the dark wooden building region, use a post-processing effect that amplifies the contrast, saturation, and angles to create a sense of emotional intensity and distortion. This can be achieved through various image editing software or tools, such as Adobe Photoshop or GIMP, using expressionist filters or manually adjusting the image settings to achieve the desired effect",baseline_A,,,,
2,4,dark wooden building,expressionism,"To apply an expressionist style to the dark wooden building region, use a post-processing effect that amplifies the contrast, saturation, and angles to create a sense of emotional intensity and distortion. This can be achieved through various image editing software or tools, such as Adobe Photoshop or GIMP, using expressionist filters or manually adjusting the image settings to achieve the desired effect",lora_A_tmplA,,,,
2,5,dark wooden building,expressionism,"To stylize the dark wooden building in an expressionist manner, exaggerate the textures and forms to convey strong emotions and heightened reality. Use bold, contrasting colors to emphasize the shadows and highlights, giving the building a sense of depth and drama. Distort the perspectives and shapes to evoke a sense of tension or unease, and use thick, expressive brushst",baseline_C,,,,
3,1,long wooden desk,neoclassicism,"To stylize the long wooden desk in a neoclassical manner, simplify its design by removing any clutter and giving it a sleek, clean look. Use smooth, straight lines and geometric shapes to create a symmetrical and orderly appearance. Consider using a light color palette, such as white or cream, for the wood finish. Add ornate details, such as intr",baseline_C,,,,
3,2,long wooden desk,neoclassicism,"To apply a neoclassical style to the long wooden desk in this scene, follow these steps:

1. Keep the overall color palette light and neutral, with a focus on grays, whites, and woods.
2. Simplify the cluttered desk surface by removing the plush toys, leaving only the essential items: the wooden desk, the two black computer",baseline_A,,,,
3,3,long wooden desk,neoclassicism,"To apply a neoclassical style to the long wooden desk in this scene, follow these steps:

1. Keep the overall color palette light and neutral, with a focus on grays, whites, and woods.
2. Simplify the cluttered desk surface by removing some of the red and white items on the floor and reducing the number of plush toys.",lora_A_tmplA,,,,
3,4,long wooden desk,neoclassicism,"To apply the Neoclassical style specifically to the long wooden desk while leaving the rest of the scene untouched, you could give the following instruction:

""Apply a Neoclassical filter to the long wooden desk, giving it a smooth, polished finish with clean lines and geometric shapes. Remove any clutter or imperfections from the surface, giving it a minimalist and",baseline_H,,,,
3,5,long wooden desk,neoclassicism,"To transfer a neoclassical artistic style specifically to the long wooden desk while leaving everything else untouched in the image, you could instruct an artist or designer to simplify the design of the desk, giving it clean lines and geometric shapes. Neoclassical style often features a sense of order and symmetry, so the desk could be made more minimalist and orderly, with perhaps some",baseline_E,,,,
4,1,a white tent,pop-art,"To transfer a pop-art artistic style specifically to the white tent in the image, you could give the following instruction:

""Apply a pop-art filter to the white tent, enhancing its colors and edges to create a bold, flat, and graphic appearance, similar to the style of pop art.""

This instruction should only affect the white tent in the image, leaving the man",baseline_E,,,,
4,2,a white tent,pop-art,"To stylize a white tent in pop-art style, exaggerate its geometric shapes and bold colors. Use sharp, clean lines to define the tent's structure, and apply bright, vibrant colors to the fabric. Consider adding bold, graphic patterns or symbols to the tent's surface to enhance its pop-art aesthetic.",baseline_C,,,,
4,3,a white tent,pop-art,"To apply a pop-art style to the white tent and the surrounding area in this image, follow these steps:

1. Select the white tent and the grassy area around it as your region of interest (ROI).
2. Apply a color filter to the ROI to enhance the colors and make them more vibrant, as pop-art often features bold and bright colors.",baseline_A,,,,
4,4,a white tent,pop-art,"To apply a pop-art style specifically to the white tent while leaving the rest of the scene untouched, you can use a image editing software or a deep learning model that supports style transfer. Here's a general instruction on how to do it using a software like Adobe Photoshop:

1. Open the image in Adobe Photoshop.
2. Select the",baseline_H,,,,
4,5,a white tent,pop-art,"To apply a pop-art style to the white tent and the surrounding area in this image, follow these steps:

1. Select the white tent and the grassy area around it as your region of interest (ROI).
2. Apply a color filter to the ROI to enhance the colors and make them more vibrant, as pop-art often features bold and bright colors.",lora_A_tmplA,,,,
5,1,purple and lilac backpack,art-deco,"Apply an art-deco filter to the region surrounding the purple and lilac backpack and the girls posing for a picture. Ensure that the lines, shapes, and colors in this area are defined, geometric, and have a sense of symmetry and order characteristic of the Art Deco style. The rest of the image should remain in its original style.",baseline_A,,,,
5,2,purple and lilac backpack,art-deco,"To transfer an art deco style specifically to the purple and lilac backpack, you could instruct the artist to add geometric shapes, bold lines, and intricate patterns inspired by the Art Deco movement. The use of metallic or iridescent colors, as well as a sense of symmetry and order, would also be characteristic of this style. The other elements in the scene should remain unt",baseline_E,,,,
5,3,purple and lilac backpack,art-deco,"To apply an Art Deco style specifically to the purple and lilac backpack, you could use a image editing software or a deep learning model with a style transfer function. Here's a single instruction that could be used as a starting point:

Apply an Art Deco filter to the region of the image that covers the purple and lilac backpack, while leaving the rest of the",baseline_H,,,,
5,4,purple and lilac backpack,art-deco,"To stylize the purple and lilac backpack in an art-deco manner, consider adding geometric shapes and bold lines to its design. Use a palette of rich, jewel-toned colors, such as deep purples and vibrant lilacs, to enhance the Art Deco aesthetic. Add metallic accents, such as silver or gold, to give the backpack a",baseline_C,,,,
5,5,purple and lilac backpack,art-deco,"Apply an art-deco filter to the purple and lilac backpack and the girls in the scene, enhancing the geometric shapes and bold lines to give a stylized, art-deco appearance. Ensure that the colors remain vibrant and the contrast is high to maintain the overall bright and lively feel of the image.",lora_A_tmplA,,,,
6,1,hands of a person,realism,[Model declined to generate instruction],baseline_E,,,,
6,2,hands of a person,realism,"To apply a realism style to the hands region in the scene, use a graphic editing software or application with a ""style transfer"" or ""filter"" feature. Select the hands region, and apply the realism style filter specifically to that selection. This will enhance the details and textures of the hands to make them appear more lifelike and true-to-form.",baseline_A,,,,
6,3,hands of a person,realism,"To apply realism specifically to the hands of a person while leaving the rest of the scene untouched, you can use a hand-specific style transfer model or technique. Here's a single instruction that could be given to such a model:

""Apply a realism style transfer to the hand regions of the input image, while preserving the original style of the rest of the image",baseline_H,,,,
6,4,hands of a person,realism,"To apply a realism style to the hands region in the scene, use a graphic editing software or application with a ""style transfer"" or ""filter"" feature. Select the hands region, and apply the realism style filter specifically to that selection. This will enhance the details and textures of the hands to make them appear more lifelike and true-to-form.",lora_A_tmplA,,,,
6,5,hands of a person,realism,"To stylize the hands of a person in realism style, pay close attention to the details and textures. Observe the intricacies of the fingers, knuckles, and the veins running across the back of the hand. Use sharp lines and precise shading to render the wrinkles and creases. Ensure that the lighting accurately reflects the position and shape of each finger",baseline_C,,,,
7,1,green trees,cubism,"To stylize green trees in a cubist artistic style, break down each tree into geometric shapes and planes. Analyze the tree into its basic components such as trunk, branches, and leaves. Then, represent each component as interconnected cubes or geometric forms. Apply distorted perspectives and fragmented angles to create a sense of depth and complexity. Finally, use bold and contrasting",baseline_C,,,,
7,2,green trees,cubism,"To apply Cubism style specifically to the green trees in a given scene while leaving the rest of the scene untouched, you can use a local image filtering technique with a mask. Here's a single instruction using OpenCV and Python:

1. Load the input image and create a binary mask for the green trees.
2. Apply the Cubism style filter to the green",baseline_H,,,,
7,3,green trees,cubism,"To apply the cubist style to the region with green trees, use a graphic editing software or an AI-based image manipulation tool to select the green tree region. Then, apply the cubist filter or effect to the selected area while leaving the rest of the image unaffected. This will result in a cubist representation of the green trees while preserving the original appearance of the surrounding scene",baseline_A,,,,
7,4,green trees,cubism,[Model declined to generate instruction],baseline_E,,,,
7,5,green trees,cubism,"To apply the cubist style to the region with green trees, use a graphic editing software or an AI-based image manipulation tool to select the green tree region. Then, apply the cubist filter or effect to the selected area while leaving the rest of the image unaffected. This will result in a cubist representation of the green trees while preserving the original appearance of the surrounding scene",lora_A_tmplA,,,,
8,1,bright green lawn,cubism,"To apply the cubist style to the bright green lawn region in this peaceful garden scene, follow these steps:

1. Isolate the bright green lawn area using a mask or selection tool.
2. Apply a cubist filter or effect to the selected region only.
3. Adjust the intensity and contrast of the filter to achieve the desired level of cubism distortion.",lora_A_tmplA,,,,
8,2,bright green lawn,cubism,"To apply the cubist style to the bright green lawn region in this peaceful garden scene, follow these steps:

1. Isolate the bright green lawn region using a mask or selection tool.
2. Apply a cubist filter or effect to the selected region only.
3. Adjust the intensity and contrast of the cubist effect to achieve the desired level of abstraction and",baseline_A,,,,
8,3,bright green lawn,cubism,"To stylize the bright green lawn in cubism style, break down the lawn into geometric shapes and planes. Analyze the lawn as a collection of interconnected rectangular and triangular planes, each with distinct textures and shading to represent the grass blades and the subtle variations in the soil. Pay close attention to the perspective and overlapping planes to create a sense of depth and",baseline_C,,,,
8,4,bright green lawn,cubism,"To transfer the cubist artistic style specifically to the bright green lawn while leaving everything else untouched, you would need to apply geometric distortion and fragmentation to the lawn's shape and texture. This could be achieved by breaking down the lawn into geometric shapes and applying angular distortions to create a sense of depth and dimension. The colors could also be manipulated to incorporate the bold,",baseline_E,,,,
8,5,bright green lawn,cubism,"To apply Cubism specifically to the bright green lawn while leaving the rest of the scene untouched, you would need to use a image segmentation technique to isolate the lawn area from the rest of the image. Once the lawn is isolated, you can then apply the Cubism style transfer filter to that specific region only.

Here's a single instruction that could be used in a",baseline_H,,,,
9,1,wide asphalt street,pointillism,"To apply a pointillist style to a wide asphalt street scene, you would need to use a digital painting or image editing software that supports the pointillist technique. Here's an instruction to help you get started:

1. Import the wide asphalt street scene image into your preferred software.
2. Duplicate the image layer to create a new layer for the",lora_A_tmplA,,,,
9,2,wide asphalt street,pointillism,"To apply Pointillism style specifically to the wide asphalt street while leaving the rest of the scene untouched, you can use a local image editing technique or a script in image processing software. Here's a general instruction for using a local adjustment brush in Adobe Lightroom or Photoshop:

1. Open the image in your preferred image editing software.
2",baseline_H,,,,
9,3,wide asphalt street,pointillism,"To stylize a wide asphalt street in pointillism, break down the scene into small, individual points or dots of various shades and colors. Apply these dots meticulously to represent the textures and patterns of the asphalt, such as the smooth, dark areas and the rough, lighter areas from sun reflection or tire marks. Use a palette knife or",baseline_C,,,,
9,4,wide asphalt street,pointillism,"To apply a pointillist style to a wide asphalt street scene, you would need to use a digital painting or image editing software that supports the pointillist technique. Here's an instruction to help you get started:

1. Import the wide asphalt street scene image into your preferred software.
2. Duplicate the image layer to create a new layer for the",baseline_A,,,,
9,5,wide asphalt street,pointillism,"Unfortunately, it's not possible to transfer a specific artistic style like pointillism to a physical scene such as a wide asphalt street with a single instruction. Pointillism is a painting technique that involves applying small dots of paint onto a canvas to form an image when viewed from a distance. It cannot be directly applied to a physical street without the use of additional materials and artistic intervention",baseline_E,,,,
10,1,light-colored floor,baroque,"To apply a baroque style to the light-colored floor region in this image, you can add ornate and intricate patterns reminiscent of the Baroque period. These patterns could be in the form of geometric shapes, floral motifs, or swirling designs, and should be applied in rich, contrasting colors to create a grand and opulent effect. Ensure that the",lora_A_tmplA,,,,
10,2,light-colored floor,baroque,"To apply the Baroque style specifically to the light-colored floor while leaving the rest of the scene untouched, you could use a local adjustment layer or a mask to selectively apply the Baroque filter. Here's a general instruction on how to do it using Adobe Lightroom:

1. Import the image into Adobe Lightroom or another image editing software",baseline_H,,,,
10,3,light-colored floor,baroque,"To stylize the light-colored floor in a baroque artistic style, add intricate and ornate patterns reminiscent of marble or stone designs commonly found in Baroque architecture. Use rich and vibrant colors, such as gold, deep reds, and blues, to create a grand and opulent appearance. Apply heavy textures and shading to give the illusion of depth",baseline_C,,,,
10,4,light-colored floor,baroque,"To apply a baroque style to the light-colored floor region in this image, you can use a texture overlay and adjust the color palette to fit the style. Here's a step-by-step instruction:

1. Select the light-colored floor region using the lasso tool or any other selection method.
2. Create a new layer above the original image",baseline_A,,,,
10,5,light-colored floor,baroque,"To transfer a baroque artistic style specifically to the light-colored floor while leaving everything else untouched, you could add ornate and intricate patterns or designs using curves, swirls, and scrolls inspired by Baroque art. You could also consider adding a rich, deep color to the floor to enhance the contrast and create a more dramatic effect. However, it's",baseline_E,,,,
11,1,large window,minimalism,"To transfer minimalist artistic style specifically to the large window while leaving everything else untouched, you could instruct to remove any elements in the window view that are not essential or add visual clutter. This could include removing any trees, buildings, or other objects in the scene that are not necessary for the overall minimalist aesthetic. The result would be a clean, uncluttered window view with",baseline_E,,,,
11,2,large window,minimalism,"To stylize the large window in minimalism style, remove the outdoor scenery and keep only the window frame and the transparent glass surface. Eliminate any textures or patterns on the window frame and make the glass surface as smooth and plain as possible. The result should be a simple, clean, and uncluttered representation of the window.",baseline_C,,,,
11,3,large window,minimalism,"To apply a minimalist style to the given region of a cluttered home office or bedroom desk area with a large window, follow these steps:

1. Keep the large window and the light gray wall in their original state, as they do not contribute significantly to the cluttered appearance.
2. Simplify the wooden desk by removing any unnecessary details, such as knobs",baseline_A,,,,
11,4,large window,minimalism,"To apply minimalism specifically to the large window while leaving the rest of the scene untouched, you could use the following instruction:

Apply a grayscale filter to the large window region, while keeping the rest of the image in its original colors. This will simplify the window area by reducing it to shades of gray, which is a common characteristic of minimalist styles.",baseline_H,,,,
11,5,large window,minimalism,"To apply a minimalist style to the given region of a cluttered home office or bedroom desk area with a large window, follow these steps:

1. Keep the large window and its surrounding area untouched, as it adds natural light and contrast to the scene.
2. Simplify the desk surface by removing all non-essential items, leaving only the wooden desk",lora_A_tmplA,,,,
12,1,blue and black backpack,color-field-painting,"To apply the color-field-painting style specifically to the blue and black backpack, you can use a local image manipulation tool or software, such as Adobe Photoshop, to apply a color-field-painting filter or effect to the selected area. Here's a step-by-step instruction:

1. Open the image in Adobe Photosh",baseline_H,,,,
12,2,blue and black backpack,color-field-painting,"To apply a color-field-painting style to the blue and black backpack region in this image, follow these steps:

1. Select the blue and black backpack region using a mask or the lasso tool in your preferred image editing software.
2. Duplicate the selected region to create a new layer.
3. Apply a color-field-painting filter or",baseline_A,,,,
12,3,blue and black backpack,color-field-painting,"To transfer a color-field painting artistic style specifically to the blue and black backpack in the image, you would need to apply flat, solid colors to cover the entire surface of the backpack, while ensuring that the details such as the straps and any text or logos remain visible. The colors used should be inspired by the color-field painting style, which typically features large areas of flat, solid",baseline_E,,,,
12,4,blue and black backpack,color-field-painting,"To apply a color-field-painting style to the blue and black backpack and the people in the scene while keeping the original style for the rest of the image, follow these steps:

1. Isolate the blue and black backpack and the people in the image using a mask or selection tool.
2. Duplicate the selected layer.
3. Apply a color-field",lora_A_tmplA,,,,
12,5,blue and black backpack,color-field-painting,"To stylize the blue and black backpack in a color-field-painting style, focus on creating large, flat areas of color to represent the different parts of the backpack. Begin by selecting a dominant color for the blue portion of the backpack, such as a bright, saturated shade of blue. Paint this color across the entire surface of the backpack that is blue, ensuring",baseline_C,,,,
13,1,hand and arm of another person,minimalism,"To apply minimalist style to the hand and arm of the person raising a gesture in the given scene, follow these steps:

1. Isolate the region of the hand and arm using a mask or selection tool.
2. Apply a grayscale filter to the selected region to convert it to black and white.
3. Apply a threshold filter to the grayscale",lora_A_tmplA,,,,
13,2,hand and arm of another person,minimalism,"To apply minimalist style to the hand and arm of the person raising a gesture in the given scene, follow these steps:

1. Isolate the hand and arm region using a mask or selection tool.
2. Apply a desaturation filter to remove most of the colors, leaving only the essential tones.
3. Apply a threshold filter to convert the image to black and",baseline_A,,,,
13,3,hand and arm of another person,minimalism,"To transfer minimalism artistic style to the hand and arm of the person in the scene, you could instruct to simplify the form and eliminate unnecessary details. This could be achieved by defining only the essential shapes and lines, such as the curve of the hand, the angle of the elbow, and the position of the raised arm. The texture and color of the skin could be kept natural and muted",baseline_E,,,,
13,4,hand and arm of another person,minimalism,"To stylize the hand and arm of another person in minimalism style, simplify the forms by reducing the hand to a geometric shape such as a rectangle or oval for the palm, and cylinders or lines for the fingers. The arm can be represented as a straight line or series of lines with simple geometric shapes at the shoulder and elbow to indicate the joints. Use a limited",baseline_C,,,,
13,5,hand and arm of another person,minimalism,"To apply minimalism specifically to the hand and arm of the person in the scene while leaving everything else untouched, you could use the following instruction:

""Convert the hand and arm of the person raising them towards the couple into a minimalist design. Keep the rest of the scene, including the background, the man in the suit, the bride, and the man with his back turned",baseline_H,,,,
14,1,light blue sky,symbolism,"To stylize the light blue sky in a symbolic artistic style, consider enhancing its ethereal and dreamlike qualities by adding soft, flowing clouds in various shapes that symbolize emotions or abstract concepts. Use gradual color shifts and subtle textures to create a sense of depth and mystery, while maintaining a sense of harmony and tranquility. Employ the use of symbolic elements",baseline_C,,,,
14,2,light blue sky,symbolism,"To transfer a specific artistic style, such as symbolism, to only the light blue sky in an image using a single instruction would require the use of image editing software or a graphic design program that supports advanced features like custom brushes or styles.

Assuming you have access to such a tool, you could create a custom brush or style that represents the symbolism artistic style and apply it only",baseline_E,,,,
14,3,light blue sky,symbolism,"To apply symbolism style specifically to the light blue sky in a given scene using a single instruction, you could use a technique called ""selective color adjustment"" or ""color grading."" This technique allows you to modify the color of a specific region in an image while leaving the rest untouched.

Here's an example of how you could apply this technique using Adobe Phot",baseline_H,,,,
14,4,light blue sky,symbolism,"To apply a symbolic style to the light blue sky region, you could instruct an artist or image editing software to add abstract symbols or icons that represent concepts or ideas, while maintaining the light blue color palette. These symbols should be placed in a way that enhances the overall symbolic meaning of the scene, without completely obscuring the sky. This can be achieved through careful composition and placement",lora_A_tmplA,,,,
14,5,light blue sky,symbolism,"To apply a symbolic style to the light blue sky region, you can use a graphic editing software or an AI-based image manipulation tool. Here's a general instruction:

Transform the light blue sky into a symbolic representation by adding abstract shapes, symbols, or icons that convey a deeper meaning or emotion. Use a soft, pastel color palette to maintain the light",baseline_A,,,,
15,1,tan brick column,renaissance,"To transfer a Renaissance artistic style specifically to the tan brick column while leaving the rest of the scene untouched, you could instruct an artist or a digital artist to add chiaroscuro (the use of strong contrasts between light and dark) and sfumato (the use of subtle gradations of tone and color) to the brick column. This would give the column a more three",baseline_E,,,,
15,2,tan brick column,renaissance,"To stylize the tan brick column in a renaissance artistic style, apply chiaroscuro techniques by adding contrasting shades and highlights to create a sense of depth and texture. Use earthy browns and reds for the base color of the bricks, and apply lighter shades to represent the reflection of light on the column's surface. Add intricate details such as mort",baseline_C,,,,
15,3,tan brick column,renaissance,"Apply a renaissance style filter to the tan brick column, enhancing its texture and giving it a more pronounced, chiseled appearance, while maintaining the original colors and details of the scene.",baseline_A,,,,
15,4,tan brick column,renaissance,"To apply a renaissance style to the tan brick column in this scene, you can follow these steps:

1. Isolate the tan brick column using a mask or selection tool.
2. Duplicate the selected area and apply a renaissance filter or texture to the duplicate layer.
3. Adjust the brightness and contrast of the renaissance layer to match the original tan brick",lora_A_tmplA,,,,
15,5,tan brick column,renaissance,"To apply the Renaissance style specifically to the tan brick column while leaving the rest of the scene untouched, you could use a technique called ""selective coloring"" or ""selective filtering"" in image editing software. This involves applying a filter or adjustment only to the selected area.

Here's a single instruction using Adobe Photoshop as an example:",baseline_H,,,,
16,1,dark metal stairs,baroque,"To transfer a baroque artistic style specifically to the dark metal stairs, you could instruct an artist or designer to add ornate, intricate patterns and decorative elements to the metal surfaces of the stairs. This could include adding scrollwork, floral motifs, or other elaborate designs reminiscent of the Baroque period. The use of rich, dark colors and contrasting highlights could",baseline_E,,,,
16,2,dark metal stairs,baroque,"To apply a baroque style to the dark metal stairs in this image, you can follow these steps:

1. Selectively apply a color palette inspired by baroque art, using rich and vibrant hues for the metal stairs, while keeping the rest of the image in its original colors.
2. Add ornate and intricate patterns to the metal stairs, drawing",lora_A_tmplA,,,,
16,3,dark metal stairs,baroque,"To apply the Baroque style specifically to the dark metal stairs while leaving the rest of the scene untouched, you could use a selective image editing technique such as ""Adjustments"" or ""Levels"" in image editing software like Adobe Photoshop or GIMP. Here's a general idea of how you could do it:

1. Open the image in",baseline_H,,,,
16,4,dark metal stairs,baroque,"To stylize the dark metal stairs in a baroque manner, consider adding ornate and intricate details to the metal railings and the brick wall surrounding them. Curvilinear shapes, scrollwork, and floral motifs can be incorporated into the design. The stairs themselves can be given a sense of grandeur by adding a sweeping, elegant curve to their shape. The",baseline_C,,,,
16,5,dark metal stairs,baroque,"To apply a baroque style to the dark metal stairs and surrounding area in this image, you can use a style transfer technique with a baroque-style reference image. Here's a suggested instruction:

1. Identify the region of interest (ROI) in the image, which is the dark metal stairs and the surrounding area.
2. Extract the ROI",baseline_A,,,,
17,1,person,symbolism,"To apply a symbolic style to the person region in the scene, you can follow these steps:

1. Identify and isolate the person region using image segmentation or masking techniques.
2. Replace the person's features with symbolic representations. For example, replace the face with a stylized mask, the body with geometric shapes, and the clothes with abstract",lora_A_tmplA,,,,
17,2,person,symbolism,"To stylize the person in a symbolic artistic style, transform their physical features into abstract symbols that represent deeper emotions or ideas. For instance, elongate their limbs to symbolize reach or ambition, give them large, expressive eyes to represent insight or wisdom, and use bold, contrasting colors to emphasize their inner emotions. Use metaphors and allegories to convey",baseline_C,,,,
17,3,person,symbolism,"To apply a symbolic style to the person region in the scene, you can follow these steps:

1. Identify and isolate the person region using image segmentation or masking techniques.
2. Replace the person's features with symbolic representations. For example, replace the face with a stylized mask, the body with geometric shapes, and the clothing with abstract",baseline_A,,,,
17,4,person,symbolism,[Model declined to generate instruction],baseline_E,,,,
17,5,person,symbolism,"To apply symbolism specifically to a person in a scene while leaving the rest of the scene untouched, you could use a technique called ""instance masking"" or ""instance segmentation"" in combination with a style transfer model. Here's a general outline of how you could do it:

1. First, you would need to segment the person from the rest of the scene using",baseline_H,,,,
18,1,glass wine glasses,neoclassicism,"To apply a neoclassical style to the region of glass wine glasses, consider adding elegant and simple curves, clean lines, and geometric shapes reminiscent of ancient Greek and Roman art. Use a color palette with muted, pastel hues and consider adding gold or silver accents for a touch of opulence. Apply these elements consistently across all the glass wine glasses to create",lora_A_tmplA,,,,
18,2,glass wine glasses,neoclassicism,"To apply the Neoclassical style specifically to the glass wine glasses in a scene while leaving the rest of the scene untouched, you could use a technique called ""selective style transfer."" Here's a single instruction that could be used to achieve this in a text-to-image model like DALL-E 2:

""Transform the glass wine glasses in the scene",baseline_H,,,,
18,3,glass wine glasses,neoclassicism,[Model declined to generate instruction],baseline_E,,,,
18,4,glass wine glasses,neoclassicism,"To apply a neoclassical style to the region of glass wine glasses, consider adding elegant and simple curves, clean lines, and geometric shapes reminiscent of ancient Greek and Roman art. Adjust the colors to include soft pastels and muted tones, and consider adding gold or silver accents for a touch of opulence. Apply these changes only to the glass shapes and not",baseline_A,,,,
18,5,glass wine glasses,neoclassicism,"To stylize glass wine glasses in a neoclassical artistic style, consider the following instruction:

Gently elongate the stem and base of the glasses, giving them a slender and elegant appearance. Curve the bowl of the glass inward, creating a subtle, concave shape that suggests a sense of refinement and sophistication. Add delicate, thin lines or rib",baseline_C,,,,
19,1,several long curtains,abstract-expressionism,"To apply an abstract-expressionist style to several long curtains in a scene, you can follow these steps:

1. Duplicate the layer of the curtains in your image to create a new layer for the style transfer.
2. Apply an appropriate image filter to convert the curtains into an abstract-expressionist style. You can use various filters or techniques such as the """,baseline_A,,,,
19,2,several long curtains,abstract-expressionism,"To stylize several long curtains in abstract-expressionism, consider the following instruction:

Transform the curtains into dynamic, flowing forms by exaggerating their natural movements. Use bold, expressive brushstrokes to convey the sense of billowing fabric in motion. Employ a vibrant color palette, with each curtain having distinct hues that intermingle and blend",baseline_C,,,,
19,3,several long curtains,abstract-expressionism,"To apply an abstract-expressionist style to several long curtains in a scene, you can follow these steps:

1. Duplicate the layer of the curtains in your image to create a new layer for the style transfer.
2. Apply an appropriate image filter to convert the curtains into an abstract-expressionist style. You can use various filters or techniques, such as the",lora_A_tmplA,,,,
19,4,several long curtains,abstract-expressionism,[Model declined to generate instruction],baseline_E,,,,
19,5,several long curtains,abstract-expressionism,"To apply abstract-expressionism style specifically to the several long curtains in the scene while leaving everything else untouched, you can use a local image editing technique with a mask. Here's a single instruction using GIMP (GNU Image Manipulation Program) as an example:

1. Open the image in GIMP.
2. Select the long curtains region using",baseline_H,,,,
20,1,indoor floor,renaissance,"To apply a renaissance style to an indoor floor scene, you can use a image editing software or an AI-based style transfer tool. Here's a general instruction:

Apply a renaissance filter or texture to the indoor floor image while preserving the original colors and shapes of the objects present in the scene. This can be achieved by adjusting the brightness, contrast, and sat",baseline_A,,,,
20,2,indoor floor,renaissance,"To apply a renaissance style to an indoor floor scene, you can use a graphic editing software or an AI-based image manipulation tool. Here's a general instruction:

Apply a renaissance filter or texture to the indoor floor image while preserving the original colors and shapes of the objects present in the scene. This can be achieved by adjusting the brightness, contrast, and",lora_A_tmplA,,,,
20,3,indoor floor,renaissance,"To apply the Renaissance style specifically to an indoor floor while leaving the rest of the scene untouched, you could use a local image editing technique with a mask to selectively apply the style. Here's a single instruction using GIMP (a free and open-source image editing software) as an example:

1. Import the source image into GIMP.
2. Du",baseline_H,,,,
20,4,indoor floor,renaissance,[Model declined to generate instruction],baseline_E,,,,
20,5,indoor floor,renaissance,"To stylize the indoor floor in a renaissance artistic style, apply intricate geometric patterns using terracotta or limestone tiles. Incorporate the use of classic motifs such as roses, pomegranates, or acanthus leaves in the design. Employ a monochromatic color palette with shades of red, green, and brown, or",baseline_C,,,,
21,1,a portion of mashed green food,minimalism,"To apply minimalism specifically to the portion of mashed green food while leaving the rest of the scene untouched, you could give the following instruction:

""Convert the mashed green food area into a flat, solid color, maintaining the original shape and size, while keeping the textures and colors of the other elements in the scene unchanged.""

This instruction simplifies the mas",baseline_H,,,,
21,2,a portion of mashed green food,minimalism,"To apply a minimalist style to the region of mashed green food in this image, focus on simplifying the textures and colors while maintaining the essential elements of the dish. Here's a step-by-step instruction:

1. Desaturate the colors in the mashed green food region to create a monochromatic or near-monochromatic palette.",lora_A_tmplA,,,,
21,3,a portion of mashed green food,minimalism,"To transfer minimalism artistic style specifically to the mashed green food while leaving the rest of the image untouched, you could instruct to simplify the textures and colors of the mashed food to create a monochromatic or near-monochromatic appearance. This could be achieved by desaturating the green color to a very pale tone and smoothing out the grainy",baseline_E,,,,
21,4,a portion of mashed green food,minimalism,"To stylize the mashed green food in minimalism, simplify its texture by representing it as a flat, solid green shape with no visible grains or irregularities. Remove any details or variations in color, leaving only a uniform, monochromatic green tone.",baseline_C,,,,
21,5,a portion of mashed green food,minimalism,"To apply a minimalist style to the region of mashed green food in this image, focus on simplifying the textures and colors while maintaining the essential elements of the dish. Here's a step-by-step instruction:

1. Desaturate the colors in the mashed green food region to create a monochromatic or near-monochromatic palette.",baseline_A,,,,
22,1,blue stream,impressionism,"To stylize the blue stream in an impressionist manner, use broad, loose brushstrokes to capture the flowing movement of the water. Blend shades of blue and turquoise together to create a sense of depth and reflection on the surface of the water. Don't be afraid to let some white show through to represent the frothy bubbles and ripples in the stream",baseline_C,,,,
22,2,blue stream,impressionism,"To transfer an impressionistic artistic style specifically to the blue stream while leaving everything else untouched, you could instruct the artist to use short, thick brushstrokes and apply bright, vibrant colors to the stream. Impressionist painters often used this technique to capture the fleeting, changing qualities of light and color in their scenes. So, the instruction would be:

""",baseline_E,,,,
22,3,blue stream,impressionism,"Apply an impressionist filter to the blue stream area while keeping the goats and snow in their original colors (light brown for goats and white for snow). The forest in the background should remain in its original green color as well. This will result in a scene where the goats and snow appear in their natural colors, while the blue stream is transformed to convey the impressionist style.",baseline_A,,,,
22,4,blue stream,impressionism,"To apply an Impressionist style specifically to the blue stream while leaving the rest of the scene untouched, you can follow these steps:

1. Identify the blue stream region in the image.
2. Apply the following Impressionist techniques to the blue stream area:
   a. Use short, thick brushstrokes to create texture and movement.
   b",baseline_H,,,,
22,5,blue stream,impressionism,Apply an impressionist filter to the blue stream area while keeping the goats and snow in their original colors (light brown for goats and white for snow). The forest in the background should remain in its original green color as well. This will create a contrast between the realistic representation of the goats and snow and the impressionistic rendering of the blue stream.,lora_A_tmplA,,,,
23,1,folding chairs,fauvism,"To transfer the Fauvism artistic style specifically to the folding chairs in this image, you would instruct the artist to use bold, bright, and non-naturalistic colors for the chairs, while keeping the rest of the scene in its original black and white tones. Fauvism is characterized by the use of vivid and expressive colors, so applying this style to the chairs would",baseline_E,,,,
23,2,folding chairs,fauvism,"To apply the fauvist style to the folding chairs in this black and white photograph, you can follow these steps:

1. Convert the image to RGB color space to prepare it for style transfer.
2. Extract the chairs from the original image using image segmentation or masking techniques.
3. Apply the fauvist style to the extracted chairs using",lora_A_tmplA,,,,
23,3,folding chairs,fauvism,"To apply the Fauvism style specifically to the folding chairs in the given black and white photograph, you can use the following instruction in an image editing software or deep learning model:

1. Isolate the folding chairs in the image using a mask or a segmentation algorithm.
2. Convert the isolated folding chairs to color using a color palette inspired by the F",baseline_H,,,,
23,4,folding chairs,fauvism,"To stylize the folding chairs in a fauvist manner, apply bold and vivid colors to their fabric, giving them a non-realistic and expressive appearance. Use thick, impasto brushstrokes to create texture and depth, emphasizing the folds and creases of the chair's design. Pay close attention to the contrast between the chair's colors and",baseline_C,,,,
23,5,folding chairs,fauvism,"To apply the fauvist style to the folding chairs in this photograph, you can follow these steps:

1. Selectively apply color to the folding chairs using bold and vibrant hues that are characteristic of the Fauvist style.
2. Use thick brushstrokes to texture the chairs, giving them a more painterly appearance.
3. Exper",baseline_A,,,,
24,1,light brown wooden dining table,romanticism,"To apply a romanticism style to a light brown wooden dining table, consider adding soft, flowing curves and intricate details to the table's design. You could also incorporate gentle color tones and textures, such as muted reds, pinks, and golds, to create an atmosphere of passion and emotion. Additionally, consider adding decorative elements, such as flowers, candles",lora_A_tmplA,,,,
24,2,light brown wooden dining table,romanticism,[Model declined to generate instruction],baseline_E,,,,
24,3,light brown wooden dining table,romanticism,"To apply a romanticism style to a light brown wooden dining table, consider adding soft, flowing curves and intricate details to the table's design. You could also incorporate gentle color tones and textures, such as muted reds, pinks, and golds, to create an atmosphere of passion and emotion. Additionally, consider adding decorative elements, such as flowers, candles",baseline_A,,,,
24,4,light brown wooden dining table,romanticism,"To apply the Romanticism style specifically to the light brown wooden dining table while leaving the rest of the scene untouched, consider adding the following elements:

1. Soften the edges: Romanticism often features soft, dreamlike edges. Apply a softening filter or effect to the table to give it a softer, more romantic appearance.
2. Add texture: Rom",baseline_H,,,,
24,5,light brown wooden dining table,romanticism,"To stylize the light brown wooden dining table in a romanticism style, consider adding soft, warm lighting to create an inviting and cozy atmosphere. Place a tablecloth made of delicate, flowing fabric in a soft, muted color such as blush pink or ivory over the table. Decorate the table with elegant, vintage-inspired tableware, including ant",baseline_C,,,,
25,1,white ceiling with dark wooden beams,cubism,"To apply Cubism specifically to the white ceiling with dark wooden beams while leaving the rest of the scene untouched, you can use a local image editing technique or a deep learning-based style transfer model. Here's a single instruction for using a deep learning-based style transfer model:

1. Extract the region of interest (ROI) containing the white ceiling with dark",baseline_H,,,,
25,2,white ceiling with dark wooden beams,cubism,"To apply the cubist style to the white ceiling with dark wooden beams in this image, you can use a image editing software or an AI-based style transfer tool. Here's a general instruction on how to do it:

1. Select the region of the image that corresponds to the white ceiling with dark wooden beams using a mask or a selection tool.
2. Apply",baseline_A,,,,
25,3,white ceiling with dark wooden beams,cubism,"To stylize the white ceiling with dark wooden beams in a cubist artistic style, break down the geometric forms of the ceiling and beams into simpler shapes. Divide the white ceiling into smaller squares or rectangles, and represent the dark wooden beams as intersecting geometric lines or cubes. Emphasize the fragmented and abstract nature of the forms while maintaining a sense",baseline_C,,,,
25,4,white ceiling with dark wooden beams,cubism,"To transfer the cubist artistic style specifically to the white ceiling with dark wooden beams, you would need to apply geometric shapes and multiple perspectives to represent the ceiling and beams in a fragmented and abstracted way. This would involve breaking down the forms into simple geometric shapes and rearranging them in an asymmetrical and distorted manner to create the illusion of depth and complexity. The",baseline_E,,,,
25,5,white ceiling with dark wooden beams,cubism,"To apply the cubist style to the white ceiling with dark wooden beams in this image, you can follow these steps:

1. Identify the edges of the white ceiling and the dark wooden beams using image segmentation or edge detection techniques.
2. Break down the identified regions into smaller geometric shapes, such as triangles, squares, and rectangles, to represent the",lora_A_tmplA,,,,
26,1,kitesurfing kites,pop-art,"To apply a pop-art style to the kitesurfing kites scene, use a pop-art filter or effect in your image editing software, ensuring that only the kites are selected before applying the filter. This will give the kites bold, vibrant colors, sharp edges, and a flat, graphic appearance characteristic of pop-art style.",lora_A_tmplA,,,,
26,2,kitesurfing kites,pop-art,"To apply a pop-art style transfer specifically to the kitesurfing kites in the scene while leaving the rest untouched, you can use a local image processing technique, such as a mask or a selective color adjustment. Here's a general instruction on how to do it using Adobe Photoshop:

1. Import the image into Adobe Photosh",baseline_H,,,,
26,3,kitesurfing kites,pop-art,"To stylize kitesurfing kites in pop-art style, exaggerate their shapes and colors with bold, vibrant hues and sharp, clean edges. Simplify their intricate patterns into bold geometric designs or abstract shapes. Consider adding graphic elements such as thick outlines, bold typography, or iconic symbols to enhance their pop-art aesthetic.",baseline_C,,,,
26,4,kitesurfing kites,pop-art,"To apply a pop-art style to the kitesurfing kites scene, use a pop-art filter or effect in your image editing software, ensuring that only the kites are selected before applying the filter. This will give the kites bold, vibrant colors, sharp edges, and a flat, graphic appearance characteristic of pop-art style.",baseline_A,,,,
26,5,kitesurfing kites,pop-art,[Model declined to generate instruction],baseline_E,,,,
27,1,dark asphalt road,color-field-painting,"To stylize the dark asphalt road in a color-field-painting style, apply a single flat and solid color, such as a deep, rich black, across the entire surface of the road, covering all textures and details. This will create a uniform and unbroken expanse of color, characteristic of the color-field painting technique.",baseline_C,,,,
27,2,dark asphalt road,color-field-painting,"To apply the color-field-painting style specifically to the dark asphalt road while leaving the rest of the scene untouched, you can use a mask or a selective color adjustment tool in image editing software. Here's a general instruction for using a mask:

1. Open the image in an image editing software that supports layers and masks, such as Ad",baseline_H,,,,
27,3,dark asphalt road,color-field-painting,"To apply a color-field-painting style to the given region of a dark asphalt road scene, follow these steps:

1. Isolate the region of interest (ROI) in the image, which is the dark asphalt road and the surrounding area.
2. Convert the ROI to grayscale to simplify the image and prepare it for",lora_A_tmplA,,,,
27,4,dark asphalt road,color-field-painting,"To transfer a color-field painting artistic style specifically to the dark asphalt road, you could instruct to fill the road area with large, flat areas of a single, vibrant color, similar to the way color-field painters use large areas of flat color to create their compositions. This would require covering the entire road surface with a solid color, leaving the edges of the road and",baseline_E,,,,
27,5,dark asphalt road,color-field-painting,"To apply a color-field-painting style to the dark asphalt road region in the given scene, follow these steps:

1. Isolate the dark asphalt road region using a mask or selection tool.
2. Create a new blank layer above the original image layer.
3. Fill the selected asphalt road region with a solid color that represents the",baseline_A,,,,
28,1,"moist, grain-based mixture",romanticism,"To apply the romanticism style to the moist, grain-based mixture region in the given image, focus on enhancing the textures and colors to evoke a sense of emotion and passion. Use soft, warm colors to bring out the natural hues of the vegetables and grains, and apply gentle, sweeping brushstrokes to create a dreamlike, almost ethereal effect.",baseline_A,,,,
28,2,"moist, grain-based mixture",romanticism,"To apply a romanticism style to the given region of a moist, grain-based mixture, you could add soft, ethereal lighting to enhance the textures and colors of the vegetables and grains. Use a muted color palette with subtle shading to create a dreamlike and nostalgic atmosphere. Add delicate, swirling patterns to the edges of the bowl and the reflections",lora_A_tmplA,,,,
28,3,"moist, grain-based mixture",romanticism,"To apply the Romanticism style specifically to the moist, grain-based mixture in the scene, you could add a soft, ethereal glow to the grains, giving them a dreamlike and enchanting appearance. This can be achieved by increasing the brightness and saturation of the grains while adding a subtle, warm hue to them. Additionally, you could add long,",baseline_H,,,,
28,4,"moist, grain-based mixture",romanticism,"To stylize the moist, grain-based mixture in a romanticism style, consider enhancing its textures and colors to evoke a sense of passion and emotion. Use soft, warm lighting to bring out the natural hues of the grains and vegetables, making them appear rich and vibrant. Add subtle shadows and highlights to create depth and dimension, giving the mixture a more sculpted",baseline_C,,,,
28,5,"moist, grain-based mixture",romanticism,"To transfer a romanticism artistic style specifically to the moist, grain-based mixture in the image, you could instruct an artist or AI to use soft, muted colors and gentle, flowing textures to depict the grains and vegetables. The grains could be shown as having a soft, glowing quality, and the vegetables could be depicted with delicate, wavy lines and subtle shading",baseline_E,,,,
29,1,brick houses,minimalism,"To apply a minimalist style to the brick houses region in this black and white historical photograph, focus on simplifying the architectural details of the brick houses while preserving their essential forms. Keep the color palette limited to shades of gray, and eliminate unnecessary textures and patterns. Maintain clear lines and shapes, and consider removing some of the background elements to create a cleaner,",baseline_A,,,,
29,2,brick houses,minimalism,"To apply a minimalist style to the brick houses region in this black and white historical photograph, focus on simplifying the architectural details of the brick houses while preserving their essential features. Use a high contrast black and white palette to enhance the textures and shapes of the buildings, while eliminating unnecessary details to create a clean and uncluttered look. Maintain the pale,",lora_A_tmplA,,,,
29,3,brick houses,minimalism,"To stylize the brick houses in minimalism, simplify their forms by reducing the details to essential geometric shapes. Keep the color palette limited to a few neutral tones, such as shades of gray or white. Eliminate textures and ornamentation, focusing only on the basic shapes and silhouettes of the houses. Use straight lines and clean edges to convey a sense",baseline_C,,,,
29,4,brick houses,minimalism,"To apply minimalism specifically to the brick houses in the scene while leaving everything else untouched, you could use the following instruction:

Convert the brick houses to grayscale and simplify their shapes by removing unnecessary details such as chimneys, shop signs, and textures. Keep the outlines of the houses and their overall silhouettes intact. This will give the brick houses",baseline_H,,,,
29,5,brick houses,minimalism,"To transfer minimalism artistic style specifically to the brick houses in this image, you could instruct to convert the brick houses into simple, geometric shapes while retaining their overall silhouette and position. This could be achieved by removing any textures, patterns, or decorative elements, and keeping only the basic shapes and outlines. The chimneys and shop signs could be simplified into rectangular or",baseline_E,,,,
30,1,concrete sidewalk and road,abstract-expressionism,"To stylize the concrete sidewalk and road in an abstract-expressionism style, apply heavy textures and bold, expressive brushstrokes to emphasize the rough and uneven surfaces. Use a limited color palette with strong contrasts between light and dark areas to create a sense of depth and movement. Experiment with overlapping and distorting the lines and shapes to convey a",baseline_C,,,,
30,2,concrete sidewalk and road,abstract-expressionism,"To apply an abstract-expressionist style to the concrete sidewalk and road in this image, you can use a combination of techniques such as color distortion, texture overlays, and brush strokes to create a sense of movement and energy. Here's a step-by-step instruction:

1. Select the region of the image that corresponds to the concrete sidewalk and road using a mask",lora_A_tmplA,,,,
30,3,concrete sidewalk and road,abstract-expressionism,"To apply abstract-expressionism specifically to the concrete sidewalk and road while leaving the rest of the scene untouched, you could use a layer mask in image editing software and apply an abstract-expressionism filter only to the selected area. Here's a general instruction on how to do it:

1. Open the image in an image editing software that supports layer masks and filters, such",baseline_H,,,,
30,4,concrete sidewalk and road,abstract-expressionism,"To apply an abstract-expressionist style to the concrete sidewalk and road in this image, you could use a combination of techniques such as:

1. Apply heavy textures and brush strokes to the concrete surfaces, giving them a rough and uneven appearance.
2. Use bold and vibrant colors to represent the multi-story buildings, focusing on expressive shapes and forms rather than",baseline_A,,,,
30,5,concrete sidewalk and road,abstract-expressionism,"To transfer an abstract-expressionist artistic style specifically to the concrete sidewalk and road in this image, you could instruct the artist to use bold, sweeping brushstrokes and expressive, vibrant colors to convey the energy and movement of the urban scene. The concrete could be depicted as a textured, organic surface with fluid, expressive lines, rather than a uniform, flat surface.",baseline_E,,,,
